sourceDB,sourceCollection,sourceFieldLocation,sourceDataType,destinationTable,destinationField,destinationDataType,function,dataQuality
advances,advanceGroup,originalAdvanceGroupId,string,advance_group,advance_group_id,string,,
advances,advanceGroup,originalAdvanceGroupId,string,advance_group,original_advance_group_id,string,,
advances,advanceGroup,contractId,string,advance_group,contract_id,string,,
advances,advanceGroup,advanceType,string,advance_group,advance_type,string,,
advances,advanceGroup,advancePaidToClaimantDeadline,string,advance_group,advance_paid_to_claimant_deadline_date,timestamp,,
advances,advanceGroup,repaymentMonths,string,advance_group,repayment_months,int,,
advances,advanceGroup,advanceAmount,string,advance_group,advance_amount,"decimal(15,2)",,
advances,advanceGroup,monthlyRepaymentAmount,string,advance_group,monthly_repayment_amount,"decimal(15,2)",,
agent-core,agent,_id.agentId,string,agent,agent_id,string,,
agent-core,agent,firstName,string,agent,first_name,string,,
agent-core,agent,lastName,string,agent,last_name,string,,
agent-core,agent,sortName,string,agent,sort_name,string,,
agent-core,agent,deliveryUnits[0],string,agent,site_id,string,,
agent-core,agentToDo,_id.toDoId,string,agent_to_do,to_do_id,string,,
agent-core,agentToDo,alpForm.alpFormType,string,agent_to_do,alp_form_type,string,,
agent-core,agentToDo,alpForm.attachmentSummary.updatedBy,string,agent_to_do,alp_form_attachment_updated_by,string,,
agent-core,agentToDo,cancelled,string,agent_to_do,cancelled_date,timestamp,,
agent-core,agentToDo,completedDateTime.d_date,string,agent_to_do,completed_ts,timestamp,,
agent-core,agentToDo,completingAgentId,string,agent_to_do,completing_agent_id,string,,
agent-core,agentToDo,contractId,string,agent_to_do,contract_id,string,,
agent-core,agentToDo,deadlineDate,string,agent_to_do,deadline_date,timestamp,,
agent-core,agentToDo,deadlineTime,string,agent_to_do,deadline_time,string,,
agent-core,agentToDo,deliveryUnits[0],string,agent_to_do,site_id,string,,
agent-core,agentToDo,relatedToClaimantId,string,agent_to_do,claimant_id,string,,
agent-core,agentToDo,toDoProperties.declarationId,string,agent_to_do,properties_declaration_id,string,,
agent-core,agentToDo,toDoProperties.triggerReason,string,agent_to_do,properties_trigger_reason,string,,
agent-core,agentToDo,type,string,agent_to_do,to_do_type,string,,
agent-core,agentToDo,toDoProperties.type,string,agent_to_do,manual_calculation_reason_type,string,,
agent-core,agentToDo,toDoProperties.manualCalculationReasons[0],string,agent_to_do,manual_calculation_reason,string,,
agent-core,agentToDo,toDoProperties.manualCalculationReasons[0].type,string,agent_to_do,manual_calculation_reason,string,,
agent-core,agentToDoArchive,_id.toDoId,string,agent_to_do_archive,to_do_id,string,,
agent-core,agentToDoArchive,alpForm.alpFormType,string,agent_to_do_archive,alp_form_type,string,,
agent-core,agentToDoArchive,alpForm.attachmentSummary.updatedBy,string,agent_to_do_archive,alp_form_attachment_updated_by,string,,
agent-core,agentToDoArchive,cancelled,string,agent_to_do_archive,cancelled_date,timestamp,,
agent-core,agentToDoArchive,completedDateTime.d_date,string,agent_to_do_archive,completed_ts,timestamp,,
agent-core,agentToDoArchive,completingAgentId,string,agent_to_do_archive,completing_agent_id,string,,
agent-core,agentToDoArchive,contractId,string,agent_to_do_archive,contract_id,string,,
agent-core,agentToDoArchive,deadlineDate,string,agent_to_do_archive,deadline_date,timestamp,,
agent-core,agentToDoArchive,deadlineTime,string,agent_to_do_archive,deadline_time,string,,
agent-core,agentToDoArchive,deliveryUnits[0],string,agent_to_do_archive,site_id,string,,
agent-core,agentToDoArchive,relatedToClaimantId,string,agent_to_do_archive,claimant_id,string,,
agent-core,agentToDoArchive,toDoProperties.declarationId,string,agent_to_do_archive,properties_declaration_id,string,,
agent-core,agentToDoArchive,toDoProperties.triggerReason,string,agent_to_do_archive,properties_trigger_reason,string,,
agent-core,agentToDoArchive,type,string,agent_to_do_archive,to_do_type,string,,
agent-core,agentToDoArchive,toDoProperties.type,string,agent_to_do_archive,manual_calculation_reason_type,string,,
agent-core,agentToDoArchive,toDoProperties.manualCalculationReasons[0],string,agent_to_do_archive,manual_calculation_reason,string,,
agent-core,agentToDoArchive,toDoProperties.manualCalculationReasons[0].type,string,agent_to_do_archive,manual_calculation_reason,string,,
agent-core,agentWorkGroupAllocation,_id.agentWorkGroupAllocationId,string,agent_work_group_allocation,work_group_allocation_id,string,,
agent-core,agentWorkGroupAllocation,claimantId,string,agent_work_group_allocation,claimant_id,string,,
agent-core,agentWorkGroupAllocation,contractId,string,agent_work_group_allocation,contract_id,string,,
agent-core,agentWorkGroupAllocation,effectiveDate,int,agent_work_group_allocation,effective_date,date,,
agent-core,agentWorkGroupAllocation,endDate,int,agent_work_group_allocation,end_date,date,,
agent-core,agentWorkGroupAllocation,overriddenWorkGroup,string,agent_work_group_allocation,overridden_work_group_id,string,,
agent-core,agentWorkGroupAllocation,removed,boolean,agent_work_group_allocation,is_removed,boolean,,
appointments,appointment,_id.appointmentId,string,appointment,appointment_id,string,,
appointments,appointment,claimantId,string,appointment,claimant_id,string,,
appointments,appointment,contractId,string,appointment,contract_id,string,,
appointments,appointment,claimantToDoId,string,appointment,claimant_to_do_id,string,,
appointments,appointment,status,string,appointment,appointment_status,string,,
appointments,appointment,appointmentType,string,appointment,appointment_type_id,string,,
calculator,calculation,_id,string,calculation,calculation_id,string,,
calculator,calculation,assessmentPeriod.assessmentPeriodId,string,calculation,assessment_period_id,string,,
calculator,calculation,total.value,string,calculation,award_amount,"decimal(15,2)",,
calculator,calculation,assessmentPeriod.contractId,string,calculation,assessment_period_contract_id,string,,
calculator,calculation,unreducedResult.maximumAward.declaredAward.carersElement.value,string,calculation,carer_element_award_amount,"decimal(15,2)",,
calculator,calculation,unreducedResult.maximumAward.declaredAward.childAwardElement.value.award,string,calculation,child_element_award_amount,"decimal(15,2)",,
calculator,calculation,unreducedResult.maximumAward.declaredAward.childCareOutcome.childCareElement.value,string,calculation,childcare_element_award_amount,"decimal(15,2)",,
calculator,calculation,unreducedResult.maximumAward.declaredAward.housingAward.housingBreakdown.value.housingAward,string,calculation,housing_costs_element_award_amount,"decimal(15,2)",,
calculator,calculation,unreducedResult.maximumAward.declaredAward.limitedCapabilityForWorkElement.value,string,calculation,limited_capability_for_work_element_award_amount,"decimal(15,2)",,
calculator,calculation,saferCalculationInputs.supportingCalculationData.earningsRecords.earningsData[*].claimantId,string,calculation,claimant_id,string,,
calculator,calculation,saferCalculationInputs.supportingCalculationData.earningsRecords.earningsData[*].contractId,string,calculation,earnings_contract_id,string,,
calculator,calculation,saferCalculationInputs.supportingCalculationData.earningsRecords.earningsData[*].earningsDataId,string,calculation,earnings_data_id,string,,
calculator,calculation,saferCalculationInputs.supportingCalculationData.earningsRecords.earningsData[*].earningsForPeriod,string,calculation,earnings_for_period,"decimal(15,2)",,
calculator,calculation,saferCalculationInputs.supportingCalculationData.earningsRecords.earningsData[*].netAmount,string,calculation,earnings_net_amount,"decimal(15,2)",,
calculator,calculation,saferCalculationInputs.supportingCalculationData.earningsRecords.earningsData[*].selfEmployedEarningsData.amount,string,calculation,earnings_self_employed_amount,"decimal(15,2)",,
calculator,calculation,saferCalculationInputs.supportingCalculationData.earningsRecords.earningsData[*].amount,string,calculation,earnings_self_reported,"decimal(15,2)",,
calculator,calculation,saferCalculationInputs.supportingCalculationData.earningsRecords.earningsData[*].type,string,calculation,earnings_type_id,string,,
calculator,calculation,saferCalculationInputs.supportingCalculationData.earningsRecords.earningsData[*].interestSet,boolean,calculation,interest_set,boolean,,
calculator,calculation,saferCalculationInputs.supportingCalculationData.earningsRecords.earningsData[*].netAmount,string,calculation,net_amount,"decimal(15,2)",,
calculator,calculation,saferCalculationInputs.supportingCalculationData.earningsRecords.earningsData[*].paymentDate,int,calculation,payment_date,date,,
calculator,calculation,saferCalculationInputs.supportingCalculationData.earningsRecords.earningsData[*].paymentEffectiveDate.type,string,calculation,payment_effective_date_type,string,,
core,carerDeclaration,_id.declarationId,string,carer_declaration,declaration_id,string,,
core,carerDeclaration,type,string,carer_declaration,type,string,,
core,carerDeclaration,carerCircumstances.claimantId,string,carer_declaration,claimant_id,string,,
core,carerDeclaration,carerCircumstances.contractId,string,carer_declaration,contract_id,string,,
core,carerDeclaration,carerCircumstances.effectiveDate.date,int,carer_declaration,effective_date,date,,
core,carerDeclaration,carerCircumstances.effectiveDate.type,string,carer_declaration,effective_date_type,string,,
core,carerDeclaration,carerCircumstances.paymentEffectiveDate.date,int,carer_declaration,payment_effective_date,date,,
core,carerDeclaration,carerCircumstances.paymentEffectiveDate.type,string,carer_declaration,payment_effective_date_type,string,,
core,carerDeclaration,carerCircumstances.declaredDateTime.d_date,string,carer_declaration,declared_ts,timestamp,,
core,carerDeclaration,carerCircumstances.caringCircumstances.caringForSomeone,boolean,carer_declaration,caring_caring_for_someone,boolean,,
core,carerDeclaration,carerCircumstances.caringCircumstances.personReceivesBenefit,boolean,carer_declaration,caring_person_receives_benefit,boolean,,
core,carerDeclaration,carerCircumstances.moreThan35Hours,boolean,carer_declaration,more_than_35_hours,boolean,,
core,carerDeclaration,carerCircumstances.careeCircumstances.addressNumber,string,carer_declaration,caree_address_number,string,,
core,carerDeclaration,carerCircumstances.careeCircumstances.dateOfBirth,int,carer_declaration,caree_date_of_birth,date,,
core,carerDeclaration,carerCircumstances.careeCircumstances.firstName,string,carer_declaration,caree_first_name,string,,
core,carerDeclaration,carerCircumstances.careeCircumstances.lastName,string,carer_declaration,caree_last_name,string,,
core,carerDeclaration,carerCircumstances.careeCircumstances.middleName,string,carer_declaration,caree_middle_name,string,,
core,carerDeclaration,carerCircumstances.careeCircumstances.postcode,string,carer_declaration,caree_post_code,string,,
core,carerDeclaration,carerCircumstances.careeCircumstances.relationship,string,carer_declaration,caree_relationship,string,,
core,carerDeclaration,carerCircumstances.careeCircumstances.townCity,string,carer_declaration,caree_town,string,,
core,carerDeclaration,carerCircumstances.otherCaringResponsibilities.caringForSomeoneElse,boolean,carer_declaration,other_caring_caring_for_someone_else,boolean,,
core,carerDeclaration,carerCircumstances.otherCaringResponsibilities.personReceivesBenefit,boolean,carer_declaration,other_caring_person_receives_benefit,boolean,,
core,carerDeclaration,carerCircumstances.stoppedCaringCircumstances.dueToDeath,boolean,carer_declaration,stopped_caring_due_to_death,boolean,,
core,carerDeclaration,carerCircumstances.stoppedCaringCircumstances.stoppedDate,int,carer_declaration,stopped_caring_stopped_date,date,,
core,carerDeclaration,carerCircumstances.timeOffCircumstances.startDate,int,carer_declaration,time_off_start_date,date,,
core,carerDeclaration,carerCircumstances.timeOffCircumstances.endDate,int,carer_declaration,time_off_end_date,date,,
core,carerDeclaration,carerDeclarationReason,string,carer_declaration,carer_declaration_reason,string,,
accepted-data,carerCircumstances,declarationId,string,carer_circumstances,declaration_id,string,,
accepted-data,carerCircumstances,type,string,carer_circumstances,type,string,,
accepted-data,carerCircumstances,claimElement.claimantId,string,carer_circumstances,claimant_id,string,,
accepted-data,carerCircumstances,claimElement.contractId,string,carer_circumstances,contract_id,string,,
accepted-data,carerCircumstances,claimElement.effectiveDate.date,int,carer_circumstances,effective_date,date,,
accepted-data,carerCircumstances,claimElement.effectiveDate.type,string,carer_circumstances,effective_date_type,string,,
accepted-data,carerCircumstances,claimElement.paymentEffectiveDate.date,int,carer_circumstances,payment_effective_date,date,,
accepted-data,carerCircumstances,claimElement.paymentEffectiveDate.type,string,carer_circumstances,payment_effective_date_type,string,,
accepted-data,carerCircumstances,claimElement.careeCircumstances.addressNumber,string,carer_circumstances,caree_address_number,string,,
accepted-data,carerCircumstances,claimElement.careeCircumstances.dateOfBirth,int,carer_circumstances,caree_date_of_birth,date,,
accepted-data,carerCircumstances,claimElement.careeCircumstances.firstName,string,carer_circumstances,caree_first_name,string,,
accepted-data,carerCircumstances,claimElement.careeCircumstances.lastName,string,carer_circumstances,caree_last_name,string,,
accepted-data,carerCircumstances,claimElement.careeCircumstances.middleName,string,carer_circumstances,caree_middle_name,string,,
accepted-data,carerCircumstances,claimElement.careeCircumstances.postcode,string,carer_circumstances,caree_post_code,string,,
accepted-data,carerCircumstances,claimElement.careeCircumstances.relationship,string,carer_circumstances,caree_relationship,string,,
accepted-data,carerCircumstances,claimElement.careeCircumstances.townCity,string,carer_circumstances,caree_town,string,,
accepted-data,carerCircumstances,claimElement.caringCircumstances.caringForSomeone,boolean,carer_circumstances,caring_caring_for_someone,boolean,,
accepted-data,carerCircumstances,claimElement.caringCircumstances.personReceivesBenefit,boolean,carer_circumstances,caring_person_receives_benefit,boolean,,
accepted-data,carerCircumstances,claimElement.moreThan35Hours,boolean,carer_circumstances,more_than_35_hours,boolean,,
accepted-data,carerCircumstances,claimElement.otherCaringResponsibilities.caringForSomeoneElse,boolean,carer_circumstances,other_caring_caring_for_someone_else,boolean,,
accepted-data,carerCircumstances,claimElement.otherCaringResponsibilities.personReceivesBenefit,boolean,carer_circumstances,other_caring_person_receives_benefit,boolean,,
accepted-data,carerCircumstances,claimElement.stoppedCaringCircumstances.dueToDeath,boolean,carer_circumstances,stopped_caring_due_to_death,boolean,,
accepted-data,carerCircumstances,claimElement.stoppedCaringCircumstances.stoppedDate,int,carer_circumstances,stopped_caring_stopped_date,date,,
accepted-data,carerCircumstances,claimElement.timeOffCircumstances.startDate,int,carer_circumstances,time_off_start_date,date,,
accepted-data,carerCircumstances,claimElement.timeOffCircumstances.endDate,int,carer_circumstances,time_off_end_date,date,,
accepted-data,carerCircumstances,claimElement.declaredDateTime.d_date,string,carer_circumstances,declared_ts,timestamp,,
accepted-data,carerCircumstances,acceptedDateTime.d_date,string,carer_circumstances,accepted_ts,timestamp,,
core,childcareDeclaration,_id.declarationId,string,childcare_declaration,declaration_id,string,,
core,childcareDeclaration,contractId,string,childcare_declaration,contract_id,string,,
core,childcareDeclaration,effectiveDate.date,int,childcare_declaration,effective_date,date,,
core,childcareDeclaration,effectiveDate.type,string,childcare_declaration,effective_date_type,string,,
core,childcareDeclaration,paymentEffectiveDate.date,int,childcare_declaration,payment_effective_date,date,,
core,childcareDeclaration,paymentEffectiveDate.type,string,childcare_declaration,payment_effective_date_type,string,,
core,childcareDeclaration,hasChildcareCosts,boolean,childcare_declaration,has_child_care_costs,boolean,,
core,childcareDeclaration,type,string,childcare_declaration,type,string,,
accepted-data,childcare,declarationId,string,childcare_circumstances,declaration_id,string,,
accepted-data,childcare,claimElement.contractId,string,childcare_circumstances,contract_id,string,,
accepted-data,childcare,claimElement.effectiveDate.date,int,childcare_circumstances,effective_date,date,,
accepted-data,childcare,claimElement.effectiveDate.type,string,childcare_circumstances,effective_date_type,string,,
accepted-data,childcare,claimElement.paymentEffectiveDate.date,int,childcare_circumstances,payment_effective_date,date,,
accepted-data,childcare,claimElement.paymentEffectiveDate.type,string,childcare_circumstances,payment_effective_date_type,string,,
accepted-data,childcare,claimElement.hasChildcareCosts,boolean,childcare_circumstances,has_child_care_costs,boolean,,
accepted-data,childcare,claimElement.type,string,childcare_circumstances,type,string,,
accepted-data,childcare,claimElement.declaredDateTime.d_date,string,childcare_circumstances,declared_ts,timestamp,,
accepted-data,childcare,acceptedDateTime.d_date,string,childcare_circumstances,accepted_ts,timestamp,,
core,childDeclaration,_id.declarationId,string,child_declaration_child,declaration_id,string,,
core,childDeclaration,contractId,string,child_declaration_child,contract_id,string,,
core,childDeclaration,children[*].id,string,child_declaration_child,child_id,string,,
core,childDeclaration,children[*].disabilityDetails,string,child_declaration_child,has_disability_details,string,,
core,childDeclaration,children[*].nonDependantDetails,string,child_declaration_child,has_non_dependant_details,string,,
core,childDeclaration,effectiveDate.date,int,child_declaration_child,effective_date,date,,
core,childDeclaration,effectiveDate.type,string,child_declaration_child,effective_date_type,string,,
core,childDeclaration,paymentEffectiveDate.date,int,child_declaration_child,payment_effective_date,date,,
core,childDeclaration,paymentEffectiveDate.type,string,child_declaration_child,payment_effective_date_type,string,,
core,childDeclaration,type,string,child_declaration_child,type,string,,
core,childDeclaration,_id.declarationId,string,child_declaration,declaration_id,string,,
core,childDeclaration,contractId,string,child_declaration,contract_id,string,,
core,childDeclaration,children[*].id,string,child_declaration,child_id,string,,
core,childDeclaration,children[*].declarationDate,string,child_declaration,declared_date,date,,
core,childDeclaration,children[*].nonDependantDetails.personIsClaimantsChild,boolean,child_declaration,person_is_claimants_child,boolean,,
core,childDeclaration,children[*].disabilityDetails.receivingDisabilityLivingAllowance,boolean,child_declaration,receiving_disability_living_allowance,boolean,,
core,childDeclaration,effectiveDate.date,int,child_declaration,effective_date,date,,
core,childDeclaration,effectiveDate.type,string,child_declaration,effective_date_type,string,,
core,childDeclaration,paymentEffectiveDate.date,int,child_declaration,payment_effective_date,date,,
core,childDeclaration,paymentEffectiveDate.type,string,child_declaration,payment_effective_date_type,string,,
core,childDeclaration,type,string,child_declaration,type,string,,
accepted-data,childrenCircumstances,declarationId,string,child_circumstances,declaration_id,string,,
accepted-data,childrenCircumstances,claimElement.contractId,string,child_circumstances,contract_id,string,,
accepted-data,childrenCircumstances,claimElement.children[*].id,string,child_circumstances,child_id,string,,
accepted-data,childrenCircumstances,claimElement.children[*].declarationDate,string,child_circumstances,declared_date,date,,
accepted-data,childrenCircumstances,claimElement.children[*].nonDependantDetails.personIsClaimantsChild,boolean,child_circumstances,person_is_claimants_child,boolean,,
accepted-data,childrenCircumstances,claimElement.children[*].disabilityDetails.receivingDisabilityLivingAllowance,boolean,child_circumstances,receiving_disability_living_allowance,boolean,,
accepted-data,childrenCircumstances,claimElement.effectiveDate.date,int,child_circumstances,effective_date,date,,
accepted-data,childrenCircumstances,claimElement.effectiveDate.type,string,child_circumstances,effective_date_type,string,,
accepted-data,childrenCircumstances,claimElement.paymentEffectiveDate.date,int,child_circumstances,payment_effective_date,date,,
accepted-data,childrenCircumstances,claimElement.paymentEffectiveDate.type,string,child_circumstances,payment_effective_date_type,string,,
accepted-data,childrenCircumstances,claimElement.type,string,child_circumstances,type,string,,
accepted-data,childrenCircumstances,acceptedDateTime.d_date,string,child_circumstances,accepted_ts,timestamp,,
accepted-data,childrenCircumstances,claimElement.declaredDateTime.d_date,string,child_circumstances,declared_ts,timestamp,,
core,claimant,_id.citizenId,string,claimant,claimant_id,string,,
core,claimant,deliveryUnits[0],string,claimant,site_id,string,,
core,claimant,hasVerifiedEmailId,boolean,claimant,has_verified_email,boolean,,
core,claimant,status,string,claimant,status,string,,
core,claimant,nino,string,claimant,nino,string,,
core,claimant,claimantProvidedNino,string,claimant,claimant_provided_nino,string,,
core,claimant,workCoach.agentId,string,claimant,work_coach_agent_id,string,,
core,claimant,workCoach.type,string,claimant,work_coach_status_id,string,,
core,claimant,caseManager,string,claimant,case_manager_agent_id,string,,
core,claimant,supportingAgents[0],string,claimant,supporting_agent_1_id,string,,
core,claimant,supportingAgents[1],string,claimant,supporting_agent_2_id,string,,
core,claimant,supportingAgents[2],string,claimant,supporting_agent_3_id,string,,
core,claimant,supportingAgents[3],string,claimant,supporting_agent_4_id,string,,
core,claimant,supportingAgents[4],string,claimant,supporting_agent_5_id,string,,
core,claimantCommitment,_id.contractId,string,claimant_commitment,contract_id,string,,
core,claimantCommitment,_id.claimantId,string,claimant_commitment,claimant_id,string,,
core,claimantCommitment,_id.createdDateTime.d_date,string,claimant_commitment,created_ts,timestamp,,
core,claimantCommitment,completedDateTime.d_date,string,claimant_commitment,completed_ts,timestamp,,
core,claimantCommitment,toDoId,string,claimant_commitment,to_do_id,string,,
core,claimantCommitment,workGroup,string,claimant_commitment,work_group_id,string,,
core,contract,_id.contractId,string,contract,contract_id,string,,
core,contract,claimClosureReason,string,contract,claim_closure_reason,string,,
core,contract,closedDate,string,contract,closed_date,date,,
core,contract,coupleContract,boolean,contract,is_couple_contract,boolean,,
core,contract,contractTypes[0],string,contract,contract_type,string,,
core,contract,declaredDate,string,contract,declared_date,date,,
core,contract,entitlementDate,string,contract,entitlement_date,date,,
core,contract,paymentDayOfMonth,string,contract,payment_day_of_month,int,,
core,contract,startDate,string,contract,start_date,date,,
core,contract,assessmentPeriods[*].assessmentPeriodId,string,contract,assessment_period_id,string,,
core,contract,assessmentPeriods[*].createdDateTime.d_date,string,contract,assessment_period_created_ts,timestamp,,
core,contract,assessmentPeriods[*].endDate,string,contract,end_date,date,,
core,contract,assessmentPeriods[*].paymentDate,string,contract,payment_date,date,,
core,contract,assessmentPeriods[*].startDate,string,contract,assessment_periodstart_date,date,,
organisation,deliveryUnitAddress,_id.addressId,string,delivery_unit_address,site_address_id,string,,
organisation,deliveryUnitAddress,deliveryUnitId,string,delivery_unit_address,site_id,string,,
organisation,deliveryUnitAddress,name,string,delivery_unit_address,site_name,string,,
organisation,deliveryUnitAddress,line1,string,delivery_unit_address,address_one,string,,
organisation,deliveryUnitAddress,line2,string,delivery_unit_address,address_two,string,,
organisation,deliveryUnitAddress,town,string,delivery_unit_address,town,string,,
organisation,deliveryUnitAddress,county,string,delivery_unit_address,county,string,,
organisation,deliveryUnitAddress,postcode,string,delivery_unit_address,postcode,string,,
core,healthAndDisabilityDeclaration,_id.declarationId,string,health_and_disability_declaration,declaration_id,string,,
core,healthAndDisabilityDeclaration,abilityToWork.hasAFitNote,boolean,health_and_disability_declaration,ability_to_work_has_a_fit_note,boolean,,
core,healthAndDisabilityDeclaration,abilityToWork.restrictedAbilityToWork,boolean,health_and_disability_declaration,ability_to_work_restricted_ability_to_work,boolean,,
core,healthAndDisabilityDeclaration,claimantId,string,health_and_disability_declaration,claimant_id,string,,
core,healthAndDisabilityDeclaration,contractId,string,health_and_disability_declaration,contract_id,string,,
core,healthAndDisabilityDeclaration,effectiveDate.date,int,health_and_disability_declaration,effective_date,date,,
core,healthAndDisabilityDeclaration,effectiveDate.type,string,health_and_disability_declaration,effective_date_type,string,,
core,healthAndDisabilityDeclaration,paymentEffectiveDate.date,int,health_and_disability_declaration,payment_effective_date,date,,
core,healthAndDisabilityDeclaration,paymentEffectiveDate.type,string,health_and_disability_declaration,payment_effective_date_type,string,,
core,healthAndDisabilityDeclaration,type,string,health_and_disability_declaration,type,string,,
accepted-data,healthAndDisabilityCircumstances,declarationId,string,health_and_disability_circumstances,declaration_id,string,,
accepted-data,healthAndDisabilityCircumstances,claimElement.abilityToWork.hasAFitNote,boolean,health_and_disability_circumstances,ability_to_work_has_a_fit_note,boolean,,
accepted-data,healthAndDisabilityCircumstances,claimElement.abilityToWork.restrictedAbilityToWork,boolean,health_and_disability_circumstances,ability_to_work_restricted_ability_to_work,boolean,,
accepted-data,healthAndDisabilityCircumstances,claimElement.claimantId,string,health_and_disability_circumstances,claimant_id,string,,
accepted-data,healthAndDisabilityCircumstances,claimElement.contractId,string,health_and_disability_circumstances,contract_id,string,,
accepted-data,healthAndDisabilityCircumstances,claimElement.effectiveDate.date,int,health_and_disability_circumstances,effective_date,date,,
accepted-data,healthAndDisabilityCircumstances,claimElement.effectiveDate.type,string,health_and_disability_circumstances,effective_date_type,string,,
accepted-data,healthAndDisabilityCircumstances,claimElement.paymentEffectiveDate.date,int,health_and_disability_circumstances,payment_effective_date,date,,
accepted-data,healthAndDisabilityCircumstances,claimElement.paymentEffectiveDate.type,string,health_and_disability_circumstances,payment_effective_date_type,string,,
accepted-data,healthAndDisabilityCircumstances,acceptedDateTime.d_date,string,health_and_disability_circumstances,accepted_ts,timestamp,,
accepted-data,healthAndDisabilityCircumstances,claimElement.type,string,health_and_disability_circumstances,type,string,,
accepted-data,healthAndDisabilityCircumstances,claimElement.declaredDateTime.d_date,string,health_and_disability_circumstances,declared_ts,timestamp,,
core,housingDeclaration,_id.declarationId,string,housing_declaration,declaration_id,string,,
core,housingDeclaration,contractId,string,housing_declaration,contract_id,string,,
core,housingDeclaration,effectiveDate.date,int,housing_declaration,effective_date,date,,
core,housingDeclaration,effectiveDate.type,string,housing_declaration,effective_date_type,string,,
core,housingDeclaration,paymentEffectiveDate.date,int,housing_declaration,payment_effective_date,date,,
core,housingDeclaration,paymentEffectiveDate.type,string,housing_declaration,payment_effective_date_type,string,,
core,housingDeclaration,livingDetails,string,housing_declaration,living_details,string,,
core,housingDeclaration,privateRentedPropertyDeclarationDetails.rentDetails.regularPayment.amount,string,housing_declaration,private_rent_payment_amount,"decimal(15,2)",,
core,housingDeclaration,privateRentedPropertyDeclarationDetails.rentDetails.regularPayment.paymentFrequency,string,housing_declaration,private_rent_payment_frequency,string,,
core,housingDeclaration,privateRentedPropertyDeclarationDetails.bedroomAndTenancy.numberOfBedrooms,int,housing_declaration,private_number_of_bedrooms,int,,
core,housingDeclaration,socialAccommodationDeclarationDetails.rentDetails.regularPayment.amount,string,housing_declaration,social_rent_payment_amount,"decimal(15,2)",,
core,housingDeclaration,socialAccommodationDeclarationDetails.rentDetails.regularPayment.paymentFrequency,string,housing_declaration,social_rent_payment_frequency,string,,
core,housingDeclaration,socialAccommodationDeclarationDetails.socialHousing.serviceCharges.amount,string,housing_declaration,social_service_charge_amount,"decimal(15,2)",,
core,housingDeclaration,socialAccommodationDeclarationDetails.socialHousing.serviceCharges.paymentFrequency,string,housing_declaration,social_service_charge_payment_frequency,string,,
core,housingDeclaration,socialAccommodationDeclarationDetails.socialHousing.rentFreeWeeks,int,housing_declaration,social_rent_free_weeks,int,,
core,housingDeclaration,type,string,housing_declaration,type,string,,
accepted-data,housingCircumstances,declarationId,string,housing_circumstances,declaration_id,string,,
accepted-data,housingCircumstances,claimElement.contractId,string,housing_circumstances,contract_id,string,,
accepted-data,housingCircumstances,claimElement.effectiveDate.date,int,housing_circumstances,effective_date,date,,
accepted-data,housingCircumstances,claimElement.effectiveDate.type,string,housing_circumstances,effective_date_type,string,,
accepted-data,housingCircumstances,claimElement.paymentEffectiveDate.date,int,housing_circumstances,payment_effective_date,date,,
accepted-data,housingCircumstances,claimElement.paymentEffectiveDate.type,string,housing_circumstances,payment_effective_date_type,string,,
accepted-data,housingCircumstances,claimElement.livingDetails,string,housing_circumstances,living_details,string,,
accepted-data,housingCircumstances,claimElement.privateRentedPropertyDeclarationDetails.rentDetails.regularPayment.amount,string,housing_circumstances,private_rent_payment_amount,"decimal(15,2)",,
accepted-data,housingCircumstances,claimElement.privateRentedPropertyDeclarationDetails.rentDetails.regularPayment.paymentFrequency,string,housing_circumstances,private_rent_payment_frequency,string,,
accepted-data,housingCircumstances,claimElement.privateRentedPropertyDeclarationDetails.bedroomAndTenancy.numberOfBedrooms,int,housing_circumstances,private_number_of_bedrooms,int,,
accepted-data,housingCircumstances,claimElement.socialAccommodationDeclarationDetails.rentDetails.regularPayment.amount,string,housing_circumstances,social_rent_payment_amount,"decimal(15,2)",,
accepted-data,housingCircumstances,claimElement.socialAccommodationDeclarationDetails.rentDetails.regularPayment.paymentFrequency,string,housing_circumstances,social_rent_payment_frequency,string,,
accepted-data,housingCircumstances,claimElement.socialAccommodationDeclarationDetails.socialHousing.serviceCharges.amount,string,housing_circumstances,social_service_charge_amount,"decimal(15,2)",,
accepted-data,housingCircumstances,claimElement.socialAccommodationDeclarationDetails.socialHousing.serviceCharges.paymentFrequency,string,housing_circumstances,social_service_charge_payment_frequency,string,,
accepted-data,housingCircumstances,claimElement.socialAccommodationDeclarationDetails.socialHousing.rentFreeWeeks,int,housing_circumstances,social_rent_free_weeks,int,,
accepted-data,housingCircumstances,acceptedDateTime.d_date,string,housing_circumstances,accepted_ts,timestamp,,
accepted-data,housingCircumstances,claimElement.type,string,housing_circumstances,type,string,,
accepted-data,housingCircumstances,claimElement.declaredDateTime.d_date,string,housing_circumstances,declared_ts,timestamp,,
matchingService,managementInformation,_id.managementInformationId,string,management_information,management_information_id,string,,
matchingService,managementInformation,miSubEvent,string,management_information,mi_sub_event_id,string,,
matchingService,managementInformation,type,string,management_information,type_id,string,,
matchingService,managementInformation,subEventValue[mk],string,management_information,subevent_value_id,string,,
matchingService,managementInformation,subEventValue[mv],string,management_information,subevent_value,string,,
agent-core,systemWorkGroupAllocation,_id.systemWorkGroupAllocationId,string,system_work_group_allocation,work_group_allocation_id,string,,
agent-core,systemWorkGroupAllocation,claimantId,string,system_work_group_allocation,claimant_id,string,,
agent-core,systemWorkGroupAllocation,contractId,string,system_work_group_allocation,contract_id,string,,
agent-core,systemWorkGroupAllocation,effectiveDate,string,system_work_group_allocation,effective_date,date,,
agent-core,systemWorkGroupAllocation,endDate,string,system_work_group_allocation,end_date,date,,
agent-core,systemWorkGroupAllocation,calculatedWorkGroup,string,system_work_group_allocation,calculated_work_group_id,string,,
agent-core,systemWorkGroupAllocation,expectedWorkingHours,string,system_work_group_allocation,expected_working_hours,"decimal(15,2)",,
agent-core,systemWorkGroupAllocation,removed,boolean,system_work_group_allocation,is_removed,boolean,,
core,toDo,_id.toDoId,string,to_do,to_do_id,string,,
core,toDo,cancelled,int,to_do,cancelled_date,date,,
core,toDo,completion.completedBy.agentId,string,to_do,completed_by_agent_id,string,,
core,toDo,completion.completedBy.claimantId,string,to_do,completed_by_claimant_id,string,,
core,toDo,completion.completedBy.type,string,to_do,completed_by_type,string,,
core,toDo,completion.completionDate,int,to_do,completed_date,date,,
core,toDo,completion.version,int,to_do,completion_version,int,,
core,toDo,contractId,string,to_do,contract_id,string,,
core,toDo,deadlineDate,int,to_do,deadline_date,timestamp,,
core,toDo,deadlineTime,int,to_do,deadline_time,string,,
core,toDo,informAgentWhenCompleted,boolean,to_do,inform_agent_when_completed,boolean,,
core,toDo,properties.appointmentDateTime.d_date,string,to_do,properties_appointment_ts,timestamp,,
core,toDo,properties.appointmentType,string,to_do,properties_appointment_type,string,,
core,toDo,properties.appointmentChannel,string,to_do,properties_appointment_channel_id,string,,
core,toDo,properties.assessmentPeriodId,string,to_do,properties_assessment_period_id,string,,
core,toDo,properties.creationReason,string,to_do,properties_creation_reason,string,,
core,toDo,properties.endDate,int,to_do,properties_end_date,date,,
core,toDo,properties.startDate,int,to_do,properties_start_date,date,,
core,toDo,properties.type,string,to_do,properties_type,string,,
core,toDo,relatedToClaimantId,string,to_do,claimant_id,string,,
core,toDo,type,string,to_do,to_do_type,string,,
agent-core,team,_id.teamId,string,team,team_id,string,,
agent-core,team,name,string,team,team_name_id,string,,
agent-core,team,teamType,string,team,team_type_id,string,,
agent-core,team,teamLeaderId,string,team,team_leader_agent_id,string,,
agent-core,team,locationId,string,team,site_id,string,,
agent-core,team,teamMemberIds[*],string,team,agent_id,string,,
core,workAndEarningsDeclaration,_id.declarationId,string,work_and_earnings_declaration,declaration_id,string,,
core,workAndEarningsDeclaration,citizenId,string,work_and_earnings_declaration,claimant_id,string,,
core,workAndEarningsDeclaration,contractId,string,work_and_earnings_declaration,contract_id,string,,
core,workAndEarningsDeclaration,employmentStatus,string,work_and_earnings_declaration,employment_status_id,string,,
core,workAndEarningsDeclaration,effectiveDate.date,int,work_and_earnings_declaration,effective_date,date,,
core,workAndEarningsDeclaration,effectiveDate.type,string,work_and_earnings_declaration,effective_date_type,string,,
core,workAndEarningsDeclaration,paymentEffectiveDate.date,int,work_and_earnings_declaration,payment_effective_date,date,,
core,workAndEarningsDeclaration,paymentEffectiveDate.type,string,work_and_earnings_declaration,payment_effective_date_type,string,,
core,workAndEarningsDeclaration,type,string,work_and_earnings_declaration,type,string,,
accepted-data,workAndEarningsCircumstances,declarationId,string,work_and_earnings_circumstances,declaration_id,string,,
accepted-data,workAndEarningsCircumstances,claimElement.citizenId,string,work_and_earnings_circumstances,claimant_id,string,,
accepted-data,workAndEarningsCircumstances,claimElement.contractId,string,work_and_earnings_circumstances,contract_id,string,,
accepted-data,workAndEarningsCircumstances,claimElement.employmentStatus,string,work_and_earnings_circumstances,employment_status_id,string,,
accepted-data,workAndEarningsCircumstances,claimElement.effectiveDate.date,int,work_and_earnings_circumstances,effective_date,date,,
accepted-data,workAndEarningsCircumstances,claimElement.effectiveDate.type,string,work_and_earnings_circumstances,effective_date_type,string,,
accepted-data,workAndEarningsCircumstances,claimElement.paymentEffectiveDate.date,int,work_and_earnings_circumstances,payment_effective_date,date,,
accepted-data,workAndEarningsCircumstances,claimElement.paymentEffectiveDate.type,string,work_and_earnings_circumstances,payment_effective_date_type,string,,
accepted-data,workAndEarningsCircumstances,claimElement.type,string,work_and_earnings_circumstances,type,string,,
accepted-data,workAndEarningsCircumstances,acceptedDateTime.d_date,string,work_and_earnings_circumstances,accepted_ts,timestamp,,
accepted-data,workAndEarningsCircumstances,claimElement.declaredDateTime.d_date,string,work_and_earnings_circumstances,declared_ts,timestamp,,
penalties-and-deductions,sanction,_id.sanctionId,string,sanction,sanction_id,string,,
penalties-and-deductions,sanction,type,string,sanction,sanction_type_id,string,,
penalties-and-deductions,sanction,sanctionLevel,string,sanction,sanction_level_id,string,,
penalties-and-deductions,sanction,universalCreditSanction,boolean,sanction,universal_credit_sanction,boolean,,
penalties-and-deductions,sanction,transferredSanction,boolean,sanction,transferred_sanction,boolean,,
penalties-and-deductions,sanction,contractId,string,sanction,contract_id,string,,
penalties-and-deductions,sanction,personId,string,sanction,person_id,string,,
penalties-and-deductions,sanction,failureType,string,sanction,failure_type_id,string,,
penalties-and-deductions,sanction,dateOfFailure,string,sanction,date_of_failure,date,,
penalties-and-deductions,sanction,complianceRequirement,string,sanction,compliance_requirement,string,,
penalties-and-deductions,sanction,complianceDate,string,sanction,compliance_date,date,,
penalties-and-deductions,sanction,decisionDate,string,sanction,decision_date,date,,
penalties-and-deductions,sanction,sanctionablePeriodEndDate,string,sanction,sanctionable_period_end_date,date,,
penalties-and-deductions,sanction,workGroupChangeOpenEndedPeriodEndDate,string,sanction,work_group_change_open_ended_period_end_date,date,,
penalties-and-deductions,sanction,deleteExplanation,string,sanction,delete_explanation,string,,
penalties-and-deductions,sanction,deleted,boolean,sanction,deleted,boolean,,
penalties-and-deductions,sanctionEscalation,_id.sanctionId,string,sanction_escalation,sanction_id,string,,
penalties-and-deductions,sanctionEscalation,escalationLevel.value,string,sanction_escalation,sanction_escalation_level_id,string,,
penalties-and-deductions,sanctionProgress,_id.sanctionId,string,sanction_progress,sanction_id,string,,
penalties-and-deductions,sanctionProgress,sanctionProgressEvents[*].value.effectiveDate,string,sanction_progress,effective_date,date,,
penalties-and-deductions,sanctionProgress,sanctionProgressEvents[*].value.deductedOpenEndedElement,string,sanction_progress,deducted_open_ended_element,int,,
penalties-and-deductions,sanctionProgress,sanctionProgressEvents[*].value.deductedFixedElement,string,sanction_progress,deducted_fixed_element,int,,
penalties-and-deductions,sanctionProgress,sanctionProgressEvents[*].value.remainingOpenEndedDuration,string,sanction_progress,remaining_open_ended_duration,int,,
penalties-and-deductions,sanctionProgress,sanctionProgressEvents[*].value.remainingFixedDuration,string,sanction_progress,remaining_fixed_duration,int,,
core,statement,_id.statementId,string,statement,statement_id,string,,
core,statement,assessmentPeriod.assessmentPeriodId,string,statement,assessment_period_id,string,,
core,statement,assessmentPeriod.contractId,string,statement,contract_id,string,,
core,statement,assessmentPeriod.startDate,string,statement,assessment_period_start_date,date,,
core,statement,assessmentPeriod.endDate,string,statement,assessment_period_end_date,date,,
core,statement,assessmentPeriod.paymentDate,string,statement,assessment_period_payment_date,date,,
core,statement,assessmentPeriod.createdDateTime.d_date,string,statement,assessment_period_created_ts,timestamp,,
core,statement,standardAllowanceElement,string,statement,standard_allowance_element,"decimal(15,2)",,
core,statement,housingElement,string,statement,housing_element,"decimal(15,2)",,
core,statement,housingElementRent,string,statement,housing_element_rent,"decimal(15,2)",,
core,statement,housingElementServiceCharges,string,statement,housing_element_service_charges,"decimal(15,2)",,
core,statement,childElement,string,statement,child_element,"decimal(15,2)",,
core,statement,numberEligibleChildren,string,statement,eligible_children,int,,
core,statement,disabledChildElement,string,statement,disabled_child_element,"decimal(15,2)",,
core,statement,numberEligibleDisabledChildren,string,statement,eligible_disabled_children,int,,
core,statement,childcareElement,string,statement,childcare_element,"decimal(15,2)",,
core,statement,numberEligibleChildrenInChildCare,string,statement,eligible_children_in_child_care,int,,
core,statement,carerElement,string,statement,carer_element,"decimal(15,2)",,
core,statement,numberPeopleCaredFor,string,statement,people_cared_for,int,,
core,statement,landlordPaymentAdjustment,string,statement,landlord_payment_adjustment,"decimal(15,2)",,
core,statement,limitedCapabilityForWorkElement,string,statement,limited_capability_for_work_element,"decimal(15,2)",,
core,statement,takeHomePay,string,statement,take_home_pay,"decimal(15,2)",,
core,statement,takeHomeBreakdown.rte,string,statement,take_home_breakdown_rte,"decimal(15,2)",,
core,statement,takeHomeBreakdown.selfReported,string,statement,take_home_breakdown_self_reported,"decimal(15,2)",,
core,statement,takeHomeBreakdown.selfEmployed,string,statement,take_home_breakdown_self_employed,"decimal(15,2)",,
core,statement,takeHomeBreakdown.selfEmployedWithMif,string,statement,take_home_breakdown_self_employed_with_mif,"decimal(15,2)",,
core,statement,unaffectedPayElement,string,statement,unaffected_pay_element,"decimal(15,2)",,
core,statement,totalReducedForHomePay,string,statement,total_reduced_for_home_pay,"decimal(15,2)",,
core,statement,otherIncomeAdjustment,string,statement,other_income_adjustment,"decimal(15,2)",,
core,statement,capitalAdjustment,string,statement,capital_adjustment,"decimal(15,2)",,
core,statement,totalAdjustments,string,statement,total_adjustments,"decimal(15,2)",,
core,statement,fraudPenalties,string,statement,fraud_penalties,"decimal(15,2)",,
core,statement,sanctions,string,statement,sanctions,"decimal(15,2)",,
core,statement,advances,string,statement,advances,"decimal(15,2)",,
core,statement,deductions,string,statement,deductions,"decimal(15,2)",,
core,statement,earningsSource,string,statement,earnings_source_id,string,,
core,statement,totalOtherBenefitsAdjustment,string,statement,total_other_benefits_adjustment,"decimal(15,2)",,
core,statement,capApplied,boolean,statement,cap_applied,boolean,,
core,statement,type,string,statement,calculation_type_id,string,,
core,statement,preAdjustmentTotal,string,statement,pre_adjustment_total,"decimal(15,2)",,
core,statement,totalPayment,string,statement,total_payment,"decimal(15,2)",,
core,statement,benefitCapThreshold,string,statement,benefit_cap_threshold,"decimal(15,2)",,
core,statement,benefitCapAdjustment,string,statement,benefit_cap_adjustment,"decimal(15,2)",,
core,statement,gracePeriodEndDate,string,statement,grace_period_end_date,date,,
core,statement,createdDateTime.d_date,string,statement,created_ts,timestamp,,
